customer_0,123456
customer_1,123456
customer_2,123456
customer_3,123456
customer_4,123456
customer_5,123456
customer_6,123456
customer_7,123456
customer_8,123456
customer_9,123456
customer_10,123456
customer_11,123456
customer_12,123456
customer_13,123456
customer_14,123456
customer_15,123456
customer_16,123456
customer_17,123456
customer_18,123456
customer_19,123456
customer_20,123456
customer_21,123456
customer_22,123456
customer_23,123456
customer_24,123456
customer_25,123456
customer_26,123456
customer_27,123456
customer_28,123456
customer_29,123456
customer_30,123456
customer_31,123456
customer_32,123456
customer_33,123456
customer_34,123456
customer_35,123456
customer_36,123456
customer_37,123456
customer_38,123456
customer_39,123456
customer_40,123456
customer_41,123456
customer_42,123456
customer_43,123456
customer_44,123456
customer_45,123456
customer_46,123456
customer_47,123456
customer_48,123456
customer_49,123456
customer_50,123456
customer_51,123456
customer_52,123456
customer_53,123456
customer_54,123456
customer_55,123456
customer_56,123456
customer_57,123456
customer_58,123456
customer_59,123456
customer_60,123456
customer_61,123456
customer_62,123456
customer_63,123456
customer_64,123456
customer_65,123456
customer_66,123456
customer_67,123456
customer_68,123456
customer_69,123456
customer_70,123456
customer_71,123456
customer_72,123456
customer_73,123456
customer_74,123456
customer_75,123456
customer_76,123456
customer_77,123456
customer_78,123456
customer_79,123456
customer_80,123456
customer_81,123456
customer_82,123456
customer_83,123456
customer_84,123456
customer_85,123456
customer_86,123456
customer_87,123456
customer_88,123456
customer_89,123456
customer_90,123456
customer_91,123456
customer_92,123456
customer_93,123456
customer_94,123456
customer_95,123456
customer_96,123456
customer_97,123456
customer_98,123456
customer_99,123456
customer_100,123456
customer_101,123456
customer_102,123456
customer_103,123456
customer_104,123456
customer_105,123456
customer_106,123456
customer_107,123456
customer_108,123456
customer_109,123456
customer_110,123456
customer_111,123456
customer_112,123456
customer_113,123456
customer_114,123456
customer_115,123456
customer_116,123456
customer_117,123456
customer_118,123456
customer_119,123456
customer_120,123456
customer_121,123456
customer_122,123456
customer_123,123456
customer_124,123456
customer_125,123456
customer_126,123456
customer_127,123456
customer_128,123456
customer_129,123456
customer_130,123456
customer_131,123456
customer_132,123456
customer_133,123456
customer_134,123456
customer_135,123456
customer_136,123456
customer_137,123456
customer_138,123456
customer_139,123456
customer_140,123456
customer_141,123456
customer_142,123456
customer_143,123456
customer_144,123456
customer_145,123456
customer_146,123456
customer_147,123456
customer_148,123456
customer_149,123456
customer_150,123456
customer_151,123456
customer_152,123456
customer_153,123456
customer_154,123456
customer_155,123456
customer_156,123456
customer_157,123456
customer_158,123456
customer_159,123456
customer_160,123456
customer_161,123456
customer_162,123456
customer_163,123456
customer_164,123456
customer_165,123456
customer_166,123456
customer_167,123456
customer_168,123456
customer_169,123456
customer_170,123456
customer_171,123456
customer_172,123456
customer_173,123456
customer_174,123456
customer_175,123456
customer_176,123456
customer_177,123456
customer_178,123456
customer_179,123456
customer_180,123456
customer_181,123456
customer_182,123456
customer_183,123456
customer_184,123456
customer_185,123456
customer_186,123456
customer_187,123456
customer_188,123456
customer_189,123456
customer_190,123456
customer_191,123456
customer_192,123456
customer_193,123456
customer_194,123456
customer_195,123456
customer_196,123456
customer_197,123456
customer_198,123456
customer_199,123456
