saler_0,123456,saler_0_0
saler_0,123456,saler_0_1
saler_0,123456,saler_0_2
saler_0,123456,saler_0_3
saler_0,123456,saler_0_4
saler_0,123456,saler_0_5
saler_0,123456,saler_0_6
saler_0,123456,saler_0_7
saler_0,123456,saler_0_8
saler_0,123456,saler_0_9
saler_1,123456,saler_1_0
saler_1,123456,saler_1_1
saler_1,123456,saler_1_2
saler_1,123456,saler_1_3
saler_1,123456,saler_1_4
saler_1,123456,saler_1_5
saler_1,123456,saler_1_6
saler_1,123456,saler_1_7
saler_1,123456,saler_1_8
saler_1,123456,saler_1_9
saler_2,123456,saler_2_0
saler_2,123456,saler_2_1
saler_2,123456,saler_2_2
saler_2,123456,saler_2_3
saler_2,123456,saler_2_4
saler_2,123456,saler_2_5
saler_2,123456,saler_2_6
saler_2,123456,saler_2_7
saler_2,123456,saler_2_8
saler_2,123456,saler_2_9
saler_3,123456,saler_3_0
saler_3,123456,saler_3_1
saler_3,123456,saler_3_2
saler_3,123456,saler_3_3
saler_3,123456,saler_3_4
saler_3,123456,saler_3_5
saler_3,123456,saler_3_6
saler_3,123456,saler_3_7
saler_3,123456,saler_3_8
saler_3,123456,saler_3_9
saler_4,123456,saler_4_0
saler_4,123456,saler_4_1
saler_4,123456,saler_4_2
saler_4,123456,saler_4_3
saler_4,123456,saler_4_4
saler_4,123456,saler_4_5
saler_4,123456,saler_4_6
saler_4,123456,saler_4_7
saler_4,123456,saler_4_8
saler_4,123456,saler_4_9
